Data Type,Month,Client,Responsible,Est Hrs
Actual,1/1/2021,Client 69,Team Member 20,41
Actual,1/1/2021,Client 27,Team Member 36,35
Actual,1/1/2021,Client 47,Team Member 21,24
Actual,1/1/2021,Client 38,Team Member 24,23
Actual,1/1/2021,Client 48,Team Member 27,20
Actual,1/1/2021,Client 48,Team Member 37,20
Actual,1/1/2021,Client 48,Team Member 21,19
Actual,1/1/2021,Client 47,Team Member 22,18
Actual,1/1/2021,Client 69,Team Member 22,18
Actual,1/1/2021,Client 19,Team Member 16,17
Actual,1/1/2021,Client 3,Team Member 27,17
Actual,1/1/2021,Client 48,Team Member 12,17
Actual,1/1/2021,Client 17,Team Member 7,16
Actual,1/1/2021,Client 42,Team Member 16,16
Actual,1/1/2021,Client 27,Team Member 7,15
Actual,1/1/2021,Client 48,Team Member 24,15
Actual,1/1/2021,Client 54,Team Member 12,15
Actual,1/1/2021,Client 55,Team Member 14,15
Actual,1/1/2021,Client 2,Team Member 7,14.8
Actual,1/1/2021,Client 63,Team Member 7,14.4
Actual,1/1/2021,Client 49,Team Member 20,13
Actual,1/1/2021,Client 54,Team Member 16,13
Actual,1/1/2021,Client 18,Team Member 6,12.25
Actual,1/1/2021,Client 38,Team Member 37,12.25
Actual,1/1/2021,Client 19,Team Member 5,12
Actual,1/1/2021,Client 22,Team Member 24,11
Actual,1/1/2021,Client 69,Team Member 37,10.5
Actual,1/1/2021,Client 57,Team Member 12,10
Actual,1/1/2021,Client 57,Team Member 21,10
Actual,1/1/2021,Client 59,Team Member 27,10
Actual,1/1/2021,Client 35,Team Member 23,9.7
Actual,1/1/2021,Client 41,Team Member 23,9.5
Actual,1/1/2021,Client 14,Team Member 22,9
Actual,1/1/2021,Client 42,Team Member 5,9
Actual,1/1/2021,Client 20,Team Member 37,8.5
Actual,1/1/2021,Client 18,Team Member 23,8.25
Actual,1/1/2021,Client 63,Team Member 36,8
Actual,1/1/2021,Client 11,Team Member 24,7.4
Actual,1/1/2021,Client 41,Team Member 6,7.33
Actual,1/1/2021,Client 52,Team Member 27,7
Actual,1/1/2021,Client 38,Team Member 23,6.75
Actual,1/1/2021,Client 35,Team Member 25,6.5
Actual,1/1/2021,Client 18,Team Member 12,6
Actual,1/1/2021,Client 5,Team Member 21,6
Actual,1/1/2021,Client 5,Team Member 14,5.2
Actual,1/1/2021,Client 27,Team Member 22,5
Actual,1/1/2021,Client 4,Team Member 24,5
Actual,1/1/2021,Client 55,Team Member 22,5
Actual,1/1/2021,Client 69,Team Member 36,5
Actual,1/1/2021,Client 4,Team Member 37,4.6
Actual,1/1/2021,Client 3,Team Member 37,4
Actual,1/1/2021,Client 49,Team Member 36,4
Actual,1/1/2021,Client 20,Team Member 27,3
Actual,1/1/2021,Client 48,Team Member 6,3
Actual,1/1/2021,Client 49,Team Member 40,3
Actual,1/1/2021,Client 59,Team Member 37,3
Actual,1/1/2021,Client 14,Team Member 24,2
Actual,1/1/2021,Client 18,Team Member 14,1
Actual,1/1/2021,Client 18,Team Member 36,1
Actual,1/1/2021,Client 22,Team Member 21,1
Actual,1/1/2021,Client 35,Team Member 6,1
Actual,2/1/2021,Client 7,Team Member 38,50
Actual,2/1/2021,Client 48,Team Member 15,38
Actual,2/1/2021,Client 69,Team Member 20,35
Actual,2/1/2021,Client 38,Team Member 24,33.75
Actual,2/1/2021,Client 70,Team Member 21,32
Actual,2/1/2021,Client 27,Team Member 36,30
Actual,2/1/2021,Client 69,Team Member 22,29
Actual,2/1/2021,Client 48,Team Member 21,27
Actual,2/1/2021,Client 19,Team Member 16,21
Actual,2/1/2021,Client 47,Team Member 22,21
Actual,2/1/2021,Client 48,Team Member 27,20
Actual,2/1/2021,Client 48,Team Member 37,20
Actual,2/1/2021,Client 55,Team Member 37,19
Actual,2/1/2021,Client 70,Team Member 12,18
Actual,2/1/2021,Client 42,Team Member 16,17
Actual,2/1/2021,Client 48,Team Member 12,17
Actual,2/1/2021,Client 54,Team Member 16,17
Actual,2/1/2021,Client 5,Team Member 3,15
Actual,2/1/2021,Client 51,Team Member 27,15
Actual,2/1/2021,Client 41,Team Member 6,14.67
Actual,2/1/2021,Client 17,Team Member 7,14
Actual,2/1/2021,Client 3,Team Member 27,14
Actual,2/1/2021,Client 63,Team Member 7,14
Actual,2/1/2021,Client 22,Team Member 24,13.5
Actual,2/1/2021,Client 41,Team Member 23,13.5
Actual,2/1/2021,Client 27,Team Member 7,13
Actual,2/1/2021,Client 59,Team Member 27,12
Actual,2/1/2021,Client 69,Team Member 15,10.5
Actual,2/1/2021,Client 56,Team Member 12,10
Actual,2/1/2021,Client 57,Team Member 12,10
Actual,2/1/2021,Client 57,Team Member 22,10
Actual,2/1/2021,Client 7,Team Member 40,10
Actual,2/1/2021,Client 70,Team Member 40,10
Actual,2/1/2021,Client 35,Team Member 23,9.7
Actual,2/1/2021,Client 38,Team Member 15,9
Actual,2/1/2021,Client 51,Team Member 37,8.5
Actual,2/1/2021,Client 42,Team Member 12,8
Actual,2/1/2021,Client 11,Team Member 24,7.9
Actual,2/1/2021,Client 18,Team Member 12,7.5
Actual,2/1/2021,Client 69,Team Member 36,7.5
Actual,2/1/2021,Client 14,Team Member 22,7
Actual,2/1/2021,Client 20,Team Member 27,7
Actual,2/1/2021,Client 55,Team Member 40,7
Actual,2/1/2021,Client 18,Team Member 15,6.75
Actual,2/1/2021,Client 49,Team Member 20,6.6
Actual,2/1/2021,Client 18,Team Member 23,6.5
Actual,2/1/2021,Client 35,Team Member 25,6.5
Actual,2/1/2021,Client 2,Team Member 7,6.4
Actual,2/1/2021,Client 14,Team Member 16,6
Actual,2/1/2021,Client 20,Team Member 37,6
Actual,2/1/2021,Client 27,Team Member 22,6
Actual,2/1/2021,Client 3,Team Member 37,6
Actual,2/1/2021,Client 63,Team Member 15,6
Actual,2/1/2021,Client 63,Team Member 36,6
Actual,2/1/2021,Client 4,Team Member 37,5.6
Actual,2/1/2021,Client 69,Team Member 13,5
Actual,2/1/2021,Client 18,Team Member 6,4.75
Actual,2/1/2021,Client 38,Team Member 23,4.5
Actual,2/1/2021,Client 11,Team Member 15,4
Actual,2/1/2021,Client 19,Team Member 12,4
Actual,2/1/2021,Client 19,Team Member 3,4
Actual,2/1/2021,Client 22,Team Member 3,4
Actual,2/1/2021,Client 5,Team Member 21,4
Actual,2/1/2021,Client 38,Team Member 37,3.25
Actual,2/1/2021,Client 14,Team Member 24,3
Actual,2/1/2021,Client 49,Team Member 36,3
Actual,2/1/2021,Client 54,Team Member 12,3
Actual,2/1/2021,Client 55,Team Member 21,3
Actual,2/1/2021,Client 17,Team Member 15,2
Actual,2/1/2021,Client 4,Team Member 24,2
Actual,2/1/2021,Client 4,Team Member 3,2
Actual,2/1/2021,Client 41,Team Member 3,2
Actual,2/1/2021,Client 5,Team Member 37,2
Actual,2/1/2021,Client 18,Team Member 25,1.5
Actual,2/1/2021,Client 35,Team Member 6,1
Actual,3/1/2021,Client 69,Team Member 20,44.5
Actual,3/1/2021,Client 1,Team Member 16,40
Actual,3/1/2021,Client 47,Team Member 22,39.6
Actual,3/1/2021,Client 48,Team Member 15,38
Actual,3/1/2021,Client 71,Team Member 27,35
Actual,3/1/2021,Client 38,Team Member 24,29.5
Actual,3/1/2021,Client 19,Team Member 16,23
Actual,3/1/2021,Client 69,Team Member 22,21
Actual,3/1/2021,Client 18,Team Member 6,20.25
Actual,3/1/2021,Client 1,Team Member 12,20
Actual,3/1/2021,Client 1,Team Member 37,20
Actual,3/1/2021,Client 48,Team Member 3,20
Actual,3/1/2021,Client 71,Team Member 7,20
Actual,3/1/2021,Client 48,Team Member 12,17
Actual,3/1/2021,Client 5,Team Member 15,17
Actual,3/1/2021,Client 17,Team Member 7,16
Actual,3/1/2021,Client 57,Team Member 22,15
Actual,3/1/2021,Client 41,Team Member 23,14.417
Actual,3/1/2021,Client 42,Team Member 16,14
Actual,3/1/2021,Client 63,Team Member 7,14
Actual,3/1/2021,Client 68,Team Member 7,13
Actual,3/1/2021,Client 30,Team Member 7,12
Actual,3/1/2021,Client 54,Team Member 15,12
Actual,3/1/2021,Client 6,Team Member 27,12
Actual,3/1/2021,Client 63,Team Member 36,12
Actual,3/1/2021,Client 69,Team Member 13,12
Actual,3/1/2021,Client 11,Team Member 24,11.4
Actual,3/1/2021,Client 27,Team Member 7,11.2
Actual,3/1/2021,Client 42,Team Member 3,11
Actual,3/1/2021,Client 69,Team Member 15,10.5
Actual,3/1/2021,Client 1,Team Member 3,10
Actual,3/1/2021,Client 70,Team Member 22,10
Actual,3/1/2021,Client 59,Team Member 27,9.75
Actual,3/1/2021,Client 35,Team Member 23,9.7
Actual,3/1/2021,Client 38,Team Member 15,9
Actual,3/1/2021,Client 49,Team Member 20,8.6
Actual,3/1/2021,Client 14,Team Member 16,8
Actual,3/1/2021,Client 22,Team Member 24,8
Actual,3/1/2021,Client 27,Team Member 36,8
Actual,3/1/2021,Client 48,Team Member 7,8
Actual,3/1/2021,Client 54,Team Member 16,8
Actual,3/1/2021,Client 38,Team Member 37,7.8
Actual,3/1/2021,Client 4,Team Member 24,7.1
Actual,3/1/2021,Client 14,Team Member 3,7
Actual,3/1/2021,Client 49,Team Member 36,7
Actual,3/1/2021,Client 68,Team Member 36,7
Actual,3/1/2021,Client 18,Team Member 23,6.75
Actual,3/1/2021,Client 2,Team Member 7,6.4
Actual,3/1/2021,Client 1,Team Member 40,6
Actual,3/1/2021,Client 19,Team Member 3,6
Actual,3/1/2021,Client 48,Team Member 40,6
Actual,3/1/2021,Client 55,Team Member 37,6
Actual,3/1/2021,Client 6,Team Member 40,6
Actual,3/1/2021,Client 71,Team Member 40,6
Actual,3/1/2021,Client 41,Team Member 15,5.75
Actual,3/1/2021,Client 35,Team Member 25,5.5
Actual,3/1/2021,Client 3,Team Member 27,5
Actual,3/1/2021,Client 48,Team Member 21,5
Actual,3/1/2021,Client 55,Team Member 15,4
Actual,3/1/2021,Client 59,Team Member 37,4
Actual,3/1/2021,Client 38,Team Member 23,3.75
Actual,3/1/2021,Client 4,Team Member 37,3.5
Actual,3/1/2021,Client 1,Team Member 15,3
Actual,3/1/2021,Client 41,Team Member 6,3
Actual,3/1/2021,Client 5,Team Member 16,3
Actual,3/1/2021,Client 5,Team Member 21,3
Actual,3/1/2021,Client 55,Team Member 3,3
Actual,3/1/2021,Client 55,Team Member 40,3
Actual,3/1/2021,Client 70,Team Member 16,3
Actual,3/1/2021,Client 18,Team Member 12,2.5
Actual,3/1/2021,Client 20,Team Member 27,2
Actual,3/1/2021,Client 20,Team Member 37,2
Actual,3/1/2021,Client 3,Team Member 37,2
Actual,3/1/2021,Client 5,Team Member 37,2
Actual,3/1/2021,Client 69,Team Member 36,2
Actual,3/1/2021,Client 18,Team Member 25,1.5
Actual,3/1/2021,Client 14,Team Member 22,1
Actual,3/1/2021,Client 2,Team Member 36,1
Actual,3/1/2021,Client 35,Team Member 6,1
Actual,3/1/2021,Client 68,Team Member 22,1
Actual,4/1/2021,Client 60,Team Member 1,58
Actual,4/1/2021,Client 28,Team Member 35,56
Actual,4/1/2021,Client 47,Team Member 29,44
Actual,4/1/2021,Client 69,Team Member 20,40.5
Actual,4/1/2021,Client 46,Team Member 36,40
Actual,4/1/2021,Client 60,Team Member 16,39
Actual,4/1/2021,Client 48,Team Member 15,38
Actual,4/1/2021,Client 70,Team Member 15,34
Actual,4/1/2021,Client 34,Team Member 1,28.2
Actual,4/1/2021,Client 69,Team Member 22,24
Actual,4/1/2021,Client 46,Team Member 7,22
Actual,4/1/2021,Client 45,Team Member 27,21.6
Actual,4/1/2021,Client 18,Team Member 6,21
Actual,4/1/2021,Client 69,Team Member 35,20.5
Actual,4/1/2021,Client 48,Team Member 3,20
Actual,4/1/2021,Client 71,Team Member 37,20
Actual,4/1/2021,Client 27,Team Member 7,19.2
Actual,4/1/2021,Client 1,Team Member 3,19
Actual,4/1/2021,Client 38,Team Member 24,19
Actual,4/1/2021,Client 24,Team Member 35,18
Actual,4/1/2021,Client 24,Team Member 40,18
Actual,4/1/2021,Client 42,Team Member 3,18
Actual,4/1/2021,Client 6,Team Member 12,18
Actual,4/1/2021,Client 38,Team Member 35,17
Actual,4/1/2021,Client 48,Team Member 12,17
Actual,4/1/2021,Client 17,Team Member 7,16
Actual,4/1/2021,Client 22,Team Member 24,16
Actual,4/1/2021,Client 5,Team Member 15,14
Actual,4/1/2021,Client 57,Team Member 22,14
Actual,4/1/2021,Client 63,Team Member 7,14
Actual,4/1/2021,Client 41,Team Member 23,13.417
Actual,4/1/2021,Client 1,Team Member 37,13
Actual,4/1/2021,Client 19,Team Member 16,13
Actual,4/1/2021,Client 47,Team Member 22,13
Actual,4/1/2021,Client 48,Team Member 7,13
Actual,4/1/2021,Client 70,Team Member 29,13
Actual,4/1/2021,Client 1,Team Member 16,12.5
Actual,4/1/2021,Client 71,Team Member 27,12.5
Actual,4/1/2021,Client 19,Team Member 1,12
Actual,4/1/2021,Client 38,Team Member 15,12
Actual,4/1/2021,Client 63,Team Member 36,12
Actual,4/1/2021,Client 68,Team Member 7,12
Actual,4/1/2021,Client 14,Team Member 29,11
Actual,4/1/2021,Client 28,Team Member 40,11
Actual,4/1/2021,Client 54,Team Member 16,11
Actual,4/1/2021,Client 34,Team Member 16,10.2
Actual,4/1/2021,Client 35,Team Member 23,10.2
Actual,4/1/2021,Client 39,Team Member 29,10
Actual,4/1/2021,Client 42,Team Member 16,10
Actual,4/1/2021,Client 45,Team Member 3,10
Actual,4/1/2021,Client 49,Team Member 36,10
Actual,4/1/2021,Client 59,Team Member 27,10
Actual,4/1/2021,Client 11,Team Member 24,9.5
Actual,4/1/2021,Client 2,Team Member 7,8.4
Actual,4/1/2021,Client 20,Team Member 27,8
Actual,4/1/2021,Client 34,Team Member 3,8
Actual,4/1/2021,Client 54,Team Member 3,8
Actual,4/1/2021,Client 58,Team Member 15,8
Actual,4/1/2021,Client 70,Team Member 40,8
Actual,4/1/2021,Client 57,Team Member 12,7
Actual,4/1/2021,Client 60,Team Member 22,7
Actual,4/1/2021,Client 49,Team Member 20,6.6
Actual,4/1/2021,Client 18,Team Member 23,6
Actual,4/1/2021,Client 4,Team Member 37,6
Actual,4/1/2021,Client 48,Team Member 40,6
Actual,4/1/2021,Client 55,Team Member 37,6
Actual,4/1/2021,Client 35,Team Member 25,5.5
Actual,4/1/2021,Client 41,Team Member 15,5.25
Actual,4/1/2021,Client 1,Team Member 15,5
Actual,4/1/2021,Client 14,Team Member 16,5
Actual,4/1/2021,Client 3,Team Member 27,5
Actual,4/1/2021,Client 6,Team Member 29,5
Actual,4/1/2021,Client 69,Team Member 13,5
Actual,4/1/2021,Client 68,Team Member 36,4.8
Actual,4/1/2021,Client 41,Team Member 6,4.5
Actual,4/1/2021,Client 19,Team Member 3,4
Actual,4/1/2021,Client 3,Team Member 37,4
Actual,4/1/2021,Client 45,Team Member 22,4
Actual,4/1/2021,Client 70,Team Member 37,4
Actual,4/1/2021,Client 71,Team Member 22,4
Actual,4/1/2021,Client 11,Team Member 37,3
Actual,4/1/2021,Client 4,Team Member 24,3
Actual,4/1/2021,Client 6,Team Member 40,3
Actual,4/1/2021,Client 1,Team Member 40,2.5
Actual,4/1/2021,Client 18,Team Member 12,2.5
Actual,4/1/2021,Client 1,Team Member 36,2
Actual,4/1/2021,Client 20,Team Member 37,2
Actual,4/1/2021,Client 28,Team Member 20,2
Actual,4/1/2021,Client 38,Team Member 23,2
Actual,4/1/2021,Client 55,Team Member 40,2
Actual,4/1/2021,Client 59,Team Member 37,2
Actual,4/1/2021,Client 18,Team Member 25,1.5
Actual,5/1/2021,Client 48,Team Member 15,56
Actual,5/1/2021,Client 58,Team Member 3,53.25
Actual,5/1/2021,Client 70,Team Member 29,39.2
Actual,5/1/2021,Client 44,Team Member 11,39
Actual,5/1/2021,Client 28,Team Member 35,34
Actual,5/1/2021,Client 69,Team Member 20,33.5
Actual,5/1/2021,Client 31,Team Member 29,33
Actual,5/1/2021,Client 38,Team Member 35,31
Actual,5/1/2021,Client 69,Team Member 22,30
Actual,5/1/2021,Client 48,Team Member 37,28
Actual,5/1/2021,Client 19,Team Member 1,27
Actual,5/1/2021,Client 47,Team Member 22,25
Actual,5/1/2021,Client 29,Team Member 36,23
Actual,5/1/2021,Client 69,Team Member 35,22.5
Actual,5/1/2021,Client 47,Team Member 29,20
Actual,5/1/2021,Client 48,Team Member 1,20
Actual,5/1/2021,Client 48,Team Member 3,20
Actual,5/1/2021,Client 18,Team Member 6,19.5
Actual,5/1/2021,Client 29,Team Member 1,18
Actual,5/1/2021,Client 38,Team Member 24,17
Actual,5/1/2021,Client 48,Team Member 12,17
Actual,5/1/2021,Client 3,Team Member 27,16
Actual,5/1/2021,Client 44,Team Member 12,15
Actual,5/1/2021,Client 59,Team Member 27,15
Actual,5/1/2021,Client 17,Team Member 7,14
Actual,5/1/2021,Client 44,Team Member 20,14
Actual,5/1/2021,Client 45,Team Member 27,14
Actual,5/1/2021,Client 57,Team Member 22,14
Actual,5/1/2021,Client 63,Team Member 7,14
Actual,5/1/2021,Client 71,Team Member 27,13.5
Actual,5/1/2021,Client 41,Team Member 15,13.25
Actual,5/1/2021,Client 48,Team Member 11,13
Actual,5/1/2021,Client 41,Team Member 23,12.5833
Actual,5/1/2021,Client 27,Team Member 36,12.5
Actual,5/1/2021,Client 54,Team Member 3,12
Actual,5/1/2021,Client 63,Team Member 36,12
Actual,5/1/2021,Client 71,Team Member 36,12
Actual,5/1/2021,Client 1,Team Member 16,11
Actual,5/1/2021,Client 14,Team Member 29,11
Actual,5/1/2021,Client 60,Team Member 1,11
Actual,5/1/2021,Client 35,Team Member 23,10.45
Actual,5/1/2021,Client 48,Team Member 40,10
Actual,5/1/2021,Client 55,Team Member 37,9
Actual,5/1/2021,Client 11,Team Member 24,8.5
Actual,5/1/2021,Client 60,Team Member 16,8.2
Actual,5/1/2021,Client 20,Team Member 27,8
Actual,5/1/2021,Client 22,Team Member 24,8
Actual,5/1/2021,Client 24,Team Member 35,8
Actual,5/1/2021,Client 29,Team Member 7,8
Actual,5/1/2021,Client 31,Team Member 22,8
Actual,5/1/2021,Client 34,Team Member 1,8
Actual,5/1/2021,Client 4,Team Member 37,8
Actual,5/1/2021,Client 42,Team Member 16,8
Actual,5/1/2021,Client 54,Team Member 16,8
Actual,5/1/2021,Client 2,Team Member 7,7.4
Actual,5/1/2021,Client 18,Team Member 23,7.25
Actual,5/1/2021,Client 11,Team Member 37,7
Actual,5/1/2021,Client 42,Team Member 3,7
Actual,5/1/2021,Client 57,Team Member 12,7
Actual,5/1/2021,Client 35,Team Member 25,6.75
Actual,5/1/2021,Client 49,Team Member 20,6.6
Actual,5/1/2021,Client 14,Team Member 22,6
Actual,5/1/2021,Client 19,Team Member 16,6
Actual,5/1/2021,Client 24,Team Member 40,6
Actual,5/1/2021,Client 29,Team Member 37,6
Actual,5/1/2021,Client 28,Team Member 20,5.5
Actual,5/1/2021,Client 27,Team Member 7,5.2
Actual,5/1/2021,Client 34,Team Member 16,5.2
Actual,5/1/2021,Client 22,Team Member 36,5
Actual,5/1/2021,Client 29,Team Member 40,5
Actual,5/1/2021,Client 4,Team Member 24,5
Actual,5/1/2021,Client 59,Team Member 37,5
Actual,5/1/2021,Client 69,Team Member 13,5
Actual,5/1/2021,Client 1,Team Member 40,4
Actual,5/1/2021,Client 22,Team Member 1,4
Actual,5/1/2021,Client 6,Team Member 12,4
Actual,5/1/2021,Client 70,Team Member 37,4
Actual,5/1/2021,Client 6,Team Member 40,3
Actual,5/1/2021,Client 28,Team Member 40,2.5
Actual,5/1/2021,Client 1,Team Member 3,2
Actual,5/1/2021,Client 17,Team Member 36,2
Actual,5/1/2021,Client 20,Team Member 37,2
Actual,5/1/2021,Client 38,Team Member 23,2
Actual,5/1/2021,Client 70,Team Member 22,2
Actual,5/1/2021,Client 70,Team Member 40,2
Actual,5/1/2021,Client 71,Team Member 37,2
Actual,5/1/2021,Client 14,Team Member 16,1.5
Actual,5/1/2021,Client 18,Team Member 15,1.5
Actual,5/1/2021,Client 18,Team Member 12,1.25
Actual,5/1/2021,Client 14,Team Member 24,1
Actual,5/1/2021,Client 41,Team Member 6,1
Actual,5/1/2021,Client 49,Team Member 36,1
Actual,5/1/2021,Client 18,Team Member 25,0.5
Actual,5/1/2021,Client 41,Team Member 25,0.5
Actual,6/1/2021,Client 47,Team Member 29,40.4
Actual,6/1/2021,Client 24,Team Member 37,40
Actual,6/1/2021,Client 48,Team Member 15,38
Actual,6/1/2021,Client 69,Team Member 22,38
Actual,6/1/2021,Client 38,Team Member 35,31
Actual,6/1/2021,Client 58,Team Member 1,27.75
Actual,6/1/2021,Client 58,Team Member 3,27
Actual,6/1/2021,Client 24,Team Member 24,22
Actual,6/1/2021,Client 70,Team Member 29,21
Actual,6/1/2021,Client 18,Team Member 6,20.25
Actual,6/1/2021,Client 48,Team Member 3,20
Actual,6/1/2021,Client 19,Team Member 16,19
Actual,6/1/2021,Client 46,Team Member 36,18
Actual,6/1/2021,Client 38,Team Member 24,17
Actual,6/1/2021,Client 48,Team Member 12,17
Actual,6/1/2021,Client 69,Team Member 35,16.5
Actual,6/1/2021,Client 13,Team Member 15,16
Actual,6/1/2021,Client 13,Team Member 25,16
Actual,6/1/2021,Client 13,Team Member 6,16
Actual,6/1/2021,Client 46,Team Member 1,16
Actual,6/1/2021,Client 57,Team Member 22,16
Actual,6/1/2021,Client 63,Team Member 7,16
Actual,6/1/2021,Client 31,Team Member 29,15.7
Actual,6/1/2021,Client 41,Team Member 15,15.25
Actual,6/1/2021,Client 44,Team Member 1,15
Actual,6/1/2021,Client 69,Team Member 4,15
Actual,6/1/2021,Client 14,Team Member 29,14.6
Actual,6/1/2021,Client 17,Team Member 7,14
Actual,6/1/2021,Client 69,Team Member 30,14
Actual,6/1/2021,Client 31,Team Member 12,13.6
Actual,6/1/2021,Client 47,Team Member 23,13
Actual,6/1/2021,Client 48,Team Member 11,13
Actual,6/1/2021,Client 28,Team Member 35,12.5
Actual,6/1/2021,Client 13,Team Member 23,12
Actual,6/1/2021,Client 19,Team Member 1,12
Actual,6/1/2021,Client 27,Team Member 36,12
Actual,6/1/2021,Client 44,Team Member 11,12
Actual,6/1/2021,Client 69,Team Member 12,12
Actual,6/1/2021,Client 41,Team Member 23,11.583
Actual,6/1/2021,Client 3,Team Member 27,11
Actual,6/1/2021,Client 42,Team Member 3,10
Actual,6/1/2021,Client 54,Team Member 16,10
Actual,6/1/2021,Client 54,Team Member 3,10
Actual,6/1/2021,Client 63,Team Member 36,10
Actual,6/1/2021,Client 2,Team Member 7,9.4
Actual,6/1/2021,Client 1,Team Member 16,9
Actual,6/1/2021,Client 4,Team Member 37,9
Actual,6/1/2021,Client 2,Team Member 22,8
Actual,6/1/2021,Client 24,Team Member 12,8
Actual,6/1/2021,Client 24,Team Member 7,8
Actual,6/1/2021,Client 34,Team Member 1,8
Actual,6/1/2021,Client 57,Team Member 12,8
Actual,6/1/2021,Client 6,Team Member 12,8
Actual,6/1/2021,Client 60,Team Member 1,8
Actual,6/1/2021,Client 27,Team Member 7,7.2
Actual,6/1/2021,Client 11,Team Member 37,7
Actual,6/1/2021,Client 22,Team Member 24,7
Actual,6/1/2021,Client 55,Team Member 37,7
Actual,6/1/2021,Client 71,Team Member 12,7
Actual,6/1/2021,Client 60,Team Member 16,6.2
Actual,6/1/2021,Client 1,Team Member 40,6
Actual,6/1/2021,Client 24,Team Member 11,6
Actual,6/1/2021,Client 46,Team Member 7,6
Actual,6/1/2021,Client 48,Team Member 40,6
Actual,6/1/2021,Client 59,Team Member 27,6
Actual,6/1/2021,Client 18,Team Member 23,5.75
Actual,6/1/2021,Client 35,Team Member 15,5.5
Actual,6/1/2021,Client 45,Team Member 27,5.5
Actual,6/1/2021,Client 34,Team Member 16,5.2
Actual,6/1/2021,Client 20,Team Member 27,5
Actual,6/1/2021,Client 28,Team Member 16,5
Actual,6/1/2021,Client 35,Team Member 23,5
Actual,6/1/2021,Client 42,Team Member 16,5
Actual,6/1/2021,Client 47,Team Member 40,5
Actual,6/1/2021,Client 11,Team Member 24,4.4
Actual,6/1/2021,Client 35,Team Member 25,4.2
Actual,6/1/2021,Client 4,Team Member 24,4
Actual,6/1/2021,Client 44,Team Member 29,4
Actual,6/1/2021,Client 49,Team Member 11,4
Actual,6/1/2021,Client 59,Team Member 12,4
Actual,6/1/2021,Client 71,Team Member 27,4
Actual,6/1/2021,Client 71,Team Member 36,4
Actual,6/1/2021,Client 18,Team Member 12,3.5
Actual,6/1/2021,Client 41,Team Member 36,3.5
Actual,6/1/2021,Client 14,Team Member 22,3
Actual,6/1/2021,Client 20,Team Member 11,3
Actual,6/1/2021,Client 22,Team Member 37,3
Actual,6/1/2021,Client 28,Team Member 20,3
Actual,6/1/2021,Client 3,Team Member 11,3
Actual,6/1/2021,Client 44,Team Member 40,3
Actual,6/1/2021,Client 45,Team Member 12,3
Actual,6/1/2021,Client 49,Team Member 20,3
Actual,6/1/2021,Client 69,Team Member 20,3
Actual,6/1/2021,Client 70,Team Member 40,3
Actual,6/1/2021,Client 35,Team Member 36,2.5
Actual,6/1/2021,Client 41,Team Member 6,2.5
Actual,6/1/2021,Client 31,Team Member 22,2.1
Actual,6/1/2021,Client 1,Team Member 3,2
Actual,6/1/2021,Client 17,Team Member 36,2
Actual,6/1/2021,Client 20,Team Member 40,2
Actual,6/1/2021,Client 3,Team Member 40,2
Actual,6/1/2021,Client 38,Team Member 23,2
Actual,6/1/2021,Client 49,Team Member 36,2
Actual,6/1/2021,Client 55,Team Member 40,2
Actual,6/1/2021,Client 59,Team Member 22,2
Actual,6/1/2021,Client 6,Team Member 1,2
Actual,6/1/2021,Client 24,Team Member 40,1
Actual,6/1/2021,Client 49,Team Member 40,1
Actual,6/1/2021,Client 6,Team Member 40,1
Actual,6/1/2021,Client 71,Team Member 22,1
Actual,6/1/2021,Client 18,Team Member 15,0.5
Actual,7/1/2021,Client 53,Team Member 1,82
Actual,7/1/2021,Client 53,Team Member 11,61
Actual,7/1/2021,Client 69,Team Member 22,42
Actual,7/1/2021,Client 48,Team Member 15,38
Actual,7/1/2021,Client 43,Team Member 31,36
Actual,7/1/2021,Client 38,Team Member 35,30
Actual,7/1/2021,Client 47,Team Member 29,26
Actual,7/1/2021,Client 53,Team Member 36,24
Actual,7/1/2021,Client 28,Team Member 35,23.2
Actual,7/1/2021,Client 18,Team Member 6,23
Actual,7/1/2021,Client 44,Team Member 11,23
Actual,7/1/2021,Client 48,Team Member 3,20
Actual,7/1/2021,Client 13,Team Member 15,19.25
Actual,7/1/2021,Client 19,Team Member 16,19
Actual,7/1/2021,Client 53,Team Member 12,19
Actual,7/1/2021,Client 69,Team Member 35,18.5
Actual,7/1/2021,Client 38,Team Member 24,18
Actual,7/1/2021,Client 53,Team Member 23,18
Actual,7/1/2021,Client 53,Team Member 40,18
Actual,7/1/2021,Client 46,Team Member 36,17.2
Actual,7/1/2021,Client 48,Team Member 12,17
Actual,7/1/2021,Client 24,Team Member 24,16
Actual,7/1/2021,Client 63,Team Member 7,16
Actual,7/1/2021,Client 69,Team Member 12,16
Actual,7/1/2021,Client 29,Team Member 36,15
Actual,7/1/2021,Client 54,Team Member 3,15
Actual,7/1/2021,Client 69,Team Member 4,14.5
Actual,7/1/2021,Client 17,Team Member 7,14
Actual,7/1/2021,Client 70,Team Member 29,13.5
Actual,7/1/2021,Client 48,Team Member 11,13
Actual,7/1/2021,Client 14,Team Member 29,12.5
Actual,7/1/2021,Client 41,Team Member 23,12.5
Actual,7/1/2021,Client 19,Team Member 1,12
Actual,7/1/2021,Client 31,Team Member 29,12
Actual,7/1/2021,Client 57,Team Member 12,12
Actual,7/1/2021,Client 3,Team Member 35,10.25
Actual,7/1/2021,Client 31,Team Member 24,10
Actual,7/1/2021,Client 42,Team Member 3,10
Actual,7/1/2021,Client 43,Team Member 12,10
Actual,7/1/2021,Client 43,Team Member 22,10
Actual,7/1/2021,Client 57,Team Member 22,10
Actual,7/1/2021,Client 6,Team Member 12,10
Actual,7/1/2021,Client 63,Team Member 36,10
Actual,7/1/2021,Client 59,Team Member 32,9.25
Actual,7/1/2021,Client 35,Team Member 25,9.2
Actual,7/1/2021,Client 1,Team Member 16,9
Actual,7/1/2021,Client 53,Team Member 32,9
Actual,7/1/2021,Client 41,Team Member 36,8.5
Actual,7/1/2021,Client 13,Team Member 23,8.42
Actual,7/1/2021,Client 41,Team Member 15,8.25
Actual,7/1/2021,Client 34,Team Member 1,8
Actual,7/1/2021,Client 54,Team Member 16,8
Actual,7/1/2021,Client 11,Team Member 24,7.5
Actual,7/1/2021,Client 27,Team Member 7,7.2
Actual,7/1/2021,Client 55,Team Member 37,7
Actual,7/1/2021,Client 35,Team Member 23,6.5
Actual,7/1/2021,Client 12,Team Member 1,6.2
Actual,7/1/2021,Client 1,Team Member 40,6
Actual,7/1/2021,Client 31,Team Member 22,6
Actual,7/1/2021,Client 48,Team Member 40,6
Actual,7/1/2021,Client 34,Team Member 16,5.2
Actual,7/1/2021,Client 14,Team Member 32,5
Actual,7/1/2021,Client 20,Team Member 22,5
Actual,7/1/2021,Client 4,Team Member 37,5
Actual,7/1/2021,Client 42,Team Member 16,5
Actual,7/1/2021,Client 43,Team Member 29,5
Actual,7/1/2021,Client 70,Team Member 37,5
Actual,7/1/2021,Client 71,Team Member 11,4.5
Actual,7/1/2021,Client 2,Team Member 7,4.4
Actual,7/1/2021,Client 11,Team Member 37,4
Actual,7/1/2021,Client 22,Team Member 24,4
Actual,7/1/2021,Client 22,Team Member 37,4
Actual,7/1/2021,Client 27,Team Member 36,4
Actual,7/1/2021,Client 29,Team Member 22,4
Actual,7/1/2021,Client 29,Team Member 37,4
Actual,7/1/2021,Client 29,Team Member 7,4
Actual,7/1/2021,Client 4,Team Member 24,4
Actual,7/1/2021,Client 45,Team Member 27,4
Actual,7/1/2021,Client 71,Team Member 37,4
Actual,7/1/2021,Client 18,Team Member 23,3.5
Actual,7/1/2021,Client 70,Team Member 40,3.2
Actual,7/1/2021,Client 12,Team Member 16,3
Actual,7/1/2021,Client 29,Team Member 40,3
Actual,7/1/2021,Client 3,Team Member 27,3
Actual,7/1/2021,Client 70,Team Member 32,3
Actual,7/1/2021,Client 18,Team Member 25,2.5
Actual,7/1/2021,Client 20,Team Member 24,2.5
Actual,7/1/2021,Client 59,Team Member 12,2.5
Actual,7/1/2021,Client 1,Team Member 3,2
Actual,7/1/2021,Client 17,Team Member 36,2
Actual,7/1/2021,Client 18,Team Member 12,2
Actual,7/1/2021,Client 20,Team Member 27,2
Actual,7/1/2021,Client 3,Team Member 7,2
Actual,7/1/2021,Client 38,Team Member 23,2
Actual,7/1/2021,Client 45,Team Member 37,2
Actual,7/1/2021,Client 55,Team Member 40,2
Actual,7/1/2021,Client 71,Team Member 7,2
Actual,7/1/2021,Client 41,Team Member 6,1
Actual,7/1/2021,Client 45,Team Member 11,1
Actual,7/1/2021,Client 6,Team Member 40,1
Actual,8/1/2021,Client 69,Team Member 22,72
Actual,8/1/2021,Client 21,Team Member 1,39
Actual,8/1/2021,Client 48,Team Member 15,38
Actual,8/1/2021,Client 69,Team Member 12,32.5
Actual,8/1/2021,Client 38,Team Member 35,25
Actual,8/1/2021,Client 38,Team Member 24,23
Actual,8/1/2021,Client 28,Team Member 35,22.2
Actual,8/1/2021,Client 69,Team Member 35,22
Actual,8/1/2021,Client 71,Team Member 11,20.2
Actual,8/1/2021,Client 2,Team Member 7,20
Actual,8/1/2021,Client 43,Team Member 3,20
Actual,8/1/2021,Client 48,Team Member 3,20
Actual,8/1/2021,Client 69,Team Member 4,19.5
Actual,8/1/2021,Client 19,Team Member 16,19
Actual,8/1/2021,Client 19,Team Member 1,18
Actual,8/1/2021,Client 20,Team Member 24,17
Actual,8/1/2021,Client 47,Team Member 23,17
Actual,8/1/2021,Client 48,Team Member 12,17
Actual,8/1/2021,Client 21,Team Member 16,16
Actual,8/1/2021,Client 3,Team Member 35,16
Actual,8/1/2021,Client 6,Team Member 12,16
Actual,8/1/2021,Client 63,Team Member 7,16
Actual,8/1/2021,Client 41,Team Member 15,15.5
Actual,8/1/2021,Client 54,Team Member 3,15
Actual,8/1/2021,Client 18,Team Member 6,14.4
Actual,8/1/2021,Client 17,Team Member 7,14
Actual,8/1/2021,Client 44,Team Member 11,14
Actual,8/1/2021,Client 48,Team Member 11,13
Actual,8/1/2021,Client 42,Team Member 16,12.4
Actual,8/1/2021,Client 13,Team Member 15,12
Actual,8/1/2021,Client 31,Team Member 22,12
Actual,8/1/2021,Client 4,Team Member 37,11
Actual,8/1/2021,Client 43,Team Member 12,11
Actual,8/1/2021,Client 57,Team Member 22,11
Actual,8/1/2021,Client 42,Team Member 3,10
Actual,8/1/2021,Client 43,Team Member 31,10
Actual,8/1/2021,Client 63,Team Member 36,10
Actual,8/1/2021,Client 41,Team Member 23,9.5833
Actual,8/1/2021,Client 22,Team Member 1,9.5
Actual,8/1/2021,Client 29,Team Member 36,9.32
Actual,8/1/2021,Client 12,Team Member 1,9.2
Actual,8/1/2021,Client 35,Team Member 25,9.2
Actual,8/1/2021,Client 1,Team Member 16,9
Actual,8/1/2021,Client 14,Team Member 1,9
Actual,8/1/2021,Client 46,Team Member 36,9
Actual,8/1/2021,Client 47,Team Member 29,9
Actual,8/1/2021,Client 57,Team Member 12,9
Actual,8/1/2021,Client 59,Team Member 32,9
Actual,8/1/2021,Client 14,Team Member 22,8
Actual,8/1/2021,Client 31,Team Member 24,8
Actual,8/1/2021,Client 45,Team Member 11,8
Actual,8/1/2021,Client 54,Team Member 16,8
Actual,8/1/2021,Client 11,Team Member 24,7
Actual,8/1/2021,Client 2,Team Member 22,7
Actual,8/1/2021,Client 41,Team Member 36,7
Actual,8/1/2021,Client 49,Team Member 11,7
Actual,8/1/2021,Client 55,Team Member 37,7
Actual,8/1/2021,Client 18,Team Member 12,6.5
Actual,8/1/2021,Client 35,Team Member 23,6.5
Actual,8/1/2021,Client 1,Team Member 40,6
Actual,8/1/2021,Client 22,Team Member 24,6
Actual,8/1/2021,Client 27,Team Member 36,6
Actual,8/1/2021,Client 48,Team Member 31,6
Actual,8/1/2021,Client 27,Team Member 7,5.2
Actual,8/1/2021,Client 18,Team Member 25,5
Actual,8/1/2021,Client 21,Team Member 3,5
Actual,8/1/2021,Client 21,Team Member 7,5
Actual,8/1/2021,Client 31,Team Member 29,5
Actual,8/1/2021,Client 70,Team Member 29,5
Actual,8/1/2021,Client 13,Team Member 23,4.8333
Actual,8/1/2021,Client 11,Team Member 37,4.5
Actual,8/1/2021,Client 21,Team Member 22,4
Actual,8/1/2021,Client 70,Team Member 37,4
Actual,8/1/2021,Client 70,Team Member 40,3.2
Actual,8/1/2021,Client 12,Team Member 22,3
Actual,8/1/2021,Client 28,Team Member 16,3
Actual,8/1/2021,Client 29,Team Member 3,3
Actual,8/1/2021,Client 3,Team Member 16,3
Actual,8/1/2021,Client 4,Team Member 24,3
Actual,8/1/2021,Client 43,Team Member 22,3
Actual,8/1/2021,Client 48,Team Member 40,3
Actual,8/1/2021,Client 70,Team Member 32,3
Actual,8/1/2021,Client 71,Team Member 23,3
Actual,8/1/2021,Client 1,Team Member 3,2
Actual,8/1/2021,Client 17,Team Member 36,2
Actual,8/1/2021,Client 20,Team Member 22,2
Actual,8/1/2021,Client 38,Team Member 23,2
Actual,8/1/2021,Client 46,Team Member 3,2
Actual,8/1/2021,Client 46,Team Member 31,2
Actual,8/1/2021,Client 55,Team Member 40,2
Actual,8/1/2021,Client 6,Team Member 40,2
Actual,8/1/2021,Client 18,Team Member 23,1.5
Actual,8/1/2021,Client 59,Team Member 22,1
Actual,9/1/2021,Client 69,Team Member 22,60
Actual,9/1/2021,Client 24,Team Member 37,45
Actual,9/1/2021,Client 48,Team Member 15,38
Actual,9/1/2021,Client 8,Team Member 36,36
Actual,9/1/2021,Client 69,Team Member 4,28
Actual,9/1/2021,Client 47,Team Member 22,27
Actual,9/1/2021,Client 38,Team Member 24,23
Actual,9/1/2021,Client 21,Team Member 1,20
Actual,9/1/2021,Client 24,Team Member 24,20
Actual,9/1/2021,Client 48,Team Member 3,20
Actual,9/1/2021,Client 26,Team Member 7,19
Actual,9/1/2021,Client 48,Team Member 31,19
Actual,9/1/2021,Client 44,Team Member 32,18
Actual,9/1/2021,Client 69,Team Member 12,17.5
Actual,9/1/2021,Client 26,Team Member 3,17
Actual,9/1/2021,Client 48,Team Member 12,17
Actual,9/1/2021,Client 65,Team Member 31,17
Actual,9/1/2021,Client 3,Team Member 35,16
Actual,9/1/2021,Client 63,Team Member 7,16
Actual,9/1/2021,Client 69,Team Member 35,16
Actual,9/1/2021,Client 19,Team Member 16,15
Actual,9/1/2021,Client 38,Team Member 35,15
Actual,9/1/2021,Client 57,Team Member 22,15
Actual,9/1/2021,Client 31,Team Member 24,14.8
Actual,9/1/2021,Client 71,Team Member 15,14.45
Actual,9/1/2021,Client 17,Team Member 7,14
Actual,9/1/2021,Client 26,Team Member 40,14
Actual,9/1/2021,Client 28,Team Member 35,14
Actual,9/1/2021,Client 6,Team Member 12,14
Actual,9/1/2021,Client 1,Team Member 16,13
Actual,9/1/2021,Client 54,Team Member 16,13
Actual,9/1/2021,Client 65,Team Member 7,13
Actual,9/1/2021,Client 1,Team Member 3,12.8
Actual,9/1/2021,Client 42,Team Member 16,12.4
Actual,9/1/2021,Client 26,Team Member 32,12
Actual,9/1/2021,Client 69,Team Member 10,12
Actual,9/1/2021,Client 27,Team Member 7,11.2
Actual,9/1/2021,Client 8,Team Member 31,11
Actual,9/1/2021,Client 43,Team Member 31,10.43
Actual,9/1/2021,Client 14,Team Member 1,10
Actual,9/1/2021,Client 15,Team Member 16,10
Actual,9/1/2021,Client 33,Team Member 25,10
Actual,9/1/2021,Client 38,Team Member 10,10
Actual,9/1/2021,Client 64,Team Member 23,10
Actual,9/1/2021,Client 65,Team Member 37,10
Actual,9/1/2021,Client 13,Team Member 15,9.75
Actual,9/1/2021,Client 2,Team Member 7,9
Actual,9/1/2021,Client 29,Team Member 36,9
Actual,9/1/2021,Client 70,Team Member 32,9
Actual,9/1/2021,Client 8,Team Member 37,9
Actual,9/1/2021,Client 18,Team Member 6,8.9
Actual,9/1/2021,Client 11,Team Member 37,8.5
Actual,9/1/2021,Client 18,Team Member 12,8.5
Actual,9/1/2021,Client 28,Team Member 10,8.2
Actual,9/1/2021,Client 11,Team Member 24,8
Actual,9/1/2021,Client 19,Team Member 1,8
Actual,9/1/2021,Client 20,Team Member 24,8
Actual,9/1/2021,Client 54,Team Member 10,8
Actual,9/1/2021,Client 57,Team Member 12,8
Actual,9/1/2021,Client 65,Team Member 32,8
Actual,9/1/2021,Client 45,Team Member 1,7.6
Actual,9/1/2021,Client 22,Team Member 1,7
Actual,9/1/2021,Client 47,Team Member 12,7
Actual,9/1/2021,Client 50,Team Member 31,7
Actual,9/1/2021,Client 12,Team Member 1,6
Actual,9/1/2021,Client 19,Team Member 10,6
Actual,9/1/2021,Client 33,Team Member 15,6
Actual,9/1/2021,Client 35,Team Member 23,6
Actual,9/1/2021,Client 46,Team Member 36,6
Actual,9/1/2021,Client 63,Team Member 10,6
Actual,9/1/2021,Client 35,Team Member 25,5.7
Actual,9/1/2021,Client 43,Team Member 3,5.67
Actual,9/1/2021,Client 42,Team Member 10,5
Actual,9/1/2021,Client 42,Team Member 3,5
Actual,9/1/2021,Client 43,Team Member 12,5
Actual,9/1/2021,Client 13,Team Member 23,4.75
Actual,9/1/2021,Client 71,Team Member 23,4.75
Actual,9/1/2021,Client 20,Team Member 10,4
Actual,9/1/2021,Client 22,Team Member 10,4
Actual,9/1/2021,Client 33,Team Member 23,4
Actual,9/1/2021,Client 44,Team Member 40,4
Actual,9/1/2021,Client 45,Team Member 16,4
Actual,9/1/2021,Client 46,Team Member 3,4
Actual,9/1/2021,Client 63,Team Member 36,4
Actual,9/1/2021,Client 13,Team Member 10,3.5
Actual,9/1/2021,Client 2,Team Member 22,3.4
Actual,9/1/2021,Client 29,Team Member 10,3.333333333
Actual,9/1/2021,Client 43,Team Member 10,3.33
Actual,9/1/2021,Client 12,Team Member 10,3.2
Actual,9/1/2021,Client 70,Team Member 40,3.2
Actual,9/1/2021,Client 18,Team Member 15,3
Actual,9/1/2021,Client 21,Team Member 19,3
Actual,9/1/2021,Client 21,Team Member 22,3
Actual,9/1/2021,Client 22,Team Member 24,3
Actual,9/1/2021,Client 31,Team Member 10,3
Actual,9/1/2021,Client 35,Team Member 10,3
Actual,9/1/2021,Client 48,Team Member 40,3
Actual,9/1/2021,Client 65,Team Member 40,3
Actual,9/1/2021,Client 70,Team Member 10,3
Actual,9/1/2021,Client 43,Team Member 40,2.6
Actual,9/1/2021,Client 1,Team Member 10,2
Actual,9/1/2021,Client 14,Team Member 22,2
Actual,9/1/2021,Client 17,Team Member 10,2
Actual,9/1/2021,Client 18,Team Member 10,2
Actual,9/1/2021,Client 27,Team Member 10,2
Actual,9/1/2021,Client 27,Team Member 36,2
Actual,9/1/2021,Client 31,Team Member 22,2
Actual,9/1/2021,Client 38,Team Member 23,2
Actual,9/1/2021,Client 54,Team Member 3,2
Actual,9/1/2021,Client 65,Team Member 22,2
Actual,9/1/2021,Client 8,Team Member 22,2
Actual,9/1/2021,Client 18,Team Member 23,1
Actual,9/1/2021,Client 20,Team Member 22,1
Actual,10/1/2021,Client 69,Team Member 22,66
Actual,10/1/2021,Client 62,Team Member 17,46
Actual,10/1/2021,Client 48,Team Member 15,38
Actual,10/1/2021,Client 40,Team Member 3,30
Actual,10/1/2021,Client 38,Team Member 24,29
Actual,10/1/2021,Client 66,Team Member 7,29
Actual,10/1/2021,Client 19,Team Member 16,26
Actual,10/1/2021,Client 24,Team Member 24,23.67
Actual,10/1/2021,Client 24,Team Member 37,23
Actual,10/1/2021,Client 40,Team Member 16,22
Actual,10/1/2021,Client 69,Team Member 4,22
Actual,10/1/2021,Client 15,Team Member 35,21.6
Actual,10/1/2021,Client 69,Team Member 12,20.5
Actual,10/1/2021,Client 48,Team Member 3,20
Actual,10/1/2021,Client 8,Team Member 36,20
Actual,10/1/2021,Client 21,Team Member 1,19.9
Actual,10/1/2021,Client 48,Team Member 31,19
Actual,10/1/2021,Client 70,Team Member 37,19
Actual,10/1/2021,Client 1,Team Member 16,18.8
Actual,10/1/2021,Client 3,Team Member 35,18
Actual,10/1/2021,Client 48,Team Member 12,17
Actual,10/1/2021,Client 69,Team Member 35,16
Actual,10/1/2021,Client 65,Team Member 32,15.9
Actual,10/1/2021,Client 31,Team Member 24,15.5
Actual,10/1/2021,Client 14,Team Member 1,15
Actual,10/1/2021,Client 28,Team Member 35,15
Actual,10/1/2021,Client 40,Team Member 32,15
Actual,10/1/2021,Client 63,Team Member 7,15
Actual,10/1/2021,Client 43,Team Member 10,14.3
Actual,10/1/2021,Client 17,Team Member 7,14
Actual,10/1/2021,Client 19,Team Member 12,14
Actual,10/1/2021,Client 29,Team Member 36,14
Actual,10/1/2021,Client 38,Team Member 35,14
Actual,10/1/2021,Client 2,Team Member 7,13.4
Actual,10/1/2021,Client 44,Team Member 32,13.4
Actual,10/1/2021,Client 49,Team Member 15,12.55
Actual,10/1/2021,Client 18,Team Member 6,12.4
Actual,10/1/2021,Client 40,Team Member 1,12
Actual,10/1/2021,Client 40,Team Member 31,12
Actual,10/1/2021,Client 57,Team Member 12,12
Actual,10/1/2021,Client 71,Team Member 15,11.95
Actual,10/1/2021,Client 57,Team Member 22,11
Actual,10/1/2021,Client 70,Team Member 32,10.2
Actual,10/1/2021,Client 39,Team Member 22,10
Actual,10/1/2021,Client 40,Team Member 26,10
Actual,10/1/2021,Client 42,Team Member 3,10
Actual,10/1/2021,Client 8,Team Member 26,10
Actual,10/1/2021,Client 22,Team Member 1,9.5
Actual,10/1/2021,Client 13,Team Member 15,9.25
Actual,10/1/2021,Client 66,Team Member 37,9
Actual,10/1/2021,Client 66,Team Member 40,9
Actual,10/1/2021,Client 69,Team Member 10,9
Actual,10/1/2021,Client 11,Team Member 24,8.5
Actual,10/1/2021,Client 47,Team Member 12,8.4
Actual,10/1/2021,Client 26,Team Member 40,8.3
Actual,10/1/2021,Client 20,Team Member 24,8
Actual,10/1/2021,Client 54,Team Member 16,8
Actual,10/1/2021,Client 6,Team Member 12,8
Actual,10/1/2021,Client 66,Team Member 12,8
Actual,10/1/2021,Client 35,Team Member 25,7.95
Actual,10/1/2021,Client 47,Team Member 22,7.6
Actual,10/1/2021,Client 13,Team Member 10,7.5
Actual,10/1/2021,Client 65,Team Member 31,7.3
Actual,10/1/2021,Client 27,Team Member 7,7.2
Actual,10/1/2021,Client 15,Team Member 16,7.2
Actual,10/1/2021,Client 43,Team Member 31,7.1
Actual,10/1/2021,Client 1,Team Member 3,7
Actual,10/1/2021,Client 15,Team Member 3,7
Actual,10/1/2021,Client 18,Team Member 12,7
Actual,10/1/2021,Client 26,Team Member 3,7
Actual,10/1/2021,Client 42,Team Member 10,7
Actual,10/1/2021,Client 46,Team Member 36,7
Actual,10/1/2021,Client 65,Team Member 6,6.7
Actual,10/1/2021,Client 12,Team Member 1,6
Actual,10/1/2021,Client 2,Team Member 22,6
Actual,10/1/2021,Client 31,Team Member 37,6
Actual,10/1/2021,Client 43,Team Member 26,6
Actual,10/1/2021,Client 62,Team Member 31,6
Actual,10/1/2021,Client 63,Team Member 10,6
Actual,10/1/2021,Client 49,Team Member 23,5.75
Actual,10/1/2021,Client 71,Team Member 23,5.25
Actual,10/1/2021,Client 18,Team Member 15,5
Actual,10/1/2021,Client 38,Team Member 10,5
Actual,10/1/2021,Client 42,Team Member 16,5
Actual,10/1/2021,Client 62,Team Member 40,5
Actual,10/1/2021,Client 15,Team Member 32,4.8
Actual,10/1/2021,Client 35,Team Member 23,4.75
Actual,10/1/2021,Client 13,Team Member 23,4.58333
Actual,10/1/2021,Client 26,Team Member 7,4.3
Actual,10/1/2021,Client 20,Team Member 37,4
Actual,10/1/2021,Client 22,Team Member 10,4
Actual,10/1/2021,Client 27,Team Member 10,4
Actual,10/1/2021,Client 47,Team Member 37,4
Actual,10/1/2021,Client 63,Team Member 36,4
Actual,10/1/2021,Client 65,Team Member 22,3.3
Actual,10/1/2021,Client 12,Team Member 10,3.2
Actual,10/1/2021,Client 11,Team Member 37,3
Actual,10/1/2021,Client 22,Team Member 24,3
Actual,10/1/2021,Client 26,Team Member 32,3
Actual,10/1/2021,Client 46,Team Member 26,3
Actual,10/1/2021,Client 48,Team Member 40,3
Actual,10/1/2021,Client 43,Team Member 40,2.6
Actual,10/1/2021,Client 21,Team Member 10,2.5
Actual,10/1/2021,Client 1,Team Member 10,2
Actual,10/1/2021,Client 14,Team Member 22,2
Actual,10/1/2021,Client 17,Team Member 10,2
Actual,10/1/2021,Client 18,Team Member 10,2
Actual,10/1/2021,Client 19,Team Member 1,2
Actual,10/1/2021,Client 31,Team Member 22,2
Actual,10/1/2021,Client 35,Team Member 10,2
Actual,10/1/2021,Client 38,Team Member 23,2
Actual,10/1/2021,Client 40,Team Member 23,2
Actual,10/1/2021,Client 40,Team Member 24,2
Actual,10/1/2021,Client 40,Team Member 40,2
Actual,10/1/2021,Client 54,Team Member 3,2
Actual,10/1/2021,Client 62,Team Member 16,2
Actual,10/1/2021,Client 62,Team Member 22,2
Actual,10/1/2021,Client 62,Team Member 23,2
Actual,10/1/2021,Client 62,Team Member 24,2
Actual,10/1/2021,Client 66,Team Member 16,2
Actual,10/1/2021,Client 66,Team Member 22,2
Actual,10/1/2021,Client 66,Team Member 23,2
Actual,10/1/2021,Client 66,Team Member 24,2
Actual,10/1/2021,Client 66,Team Member 31,2
Actual,10/1/2021,Client 70,Team Member 10,2
Actual,10/1/2021,Client 49,Team Member 10,1.5
Actual,10/1/2021,Client 18,Team Member 23,1
Actual,10/1/2021,Client 2,Team Member 10,1
Actual,11/1/2021,Client 23,Team Member 17,60
Actual,11/1/2021,Client 23,Team Member 3,60
Actual,11/1/2021,Client 23,Team Member 35,60
Actual,11/1/2021,Client 69,Team Member 22,55
Actual,11/1/2021,Client 24,Team Member 37,52
Actual,11/1/2021,Client 32,Team Member 32,46
Actual,11/1/2021,Client 23,Team Member 23,44
Actual,11/1/2021,Client 69,Team Member 39,40
Actual,11/1/2021,Client 37,Team Member 6,36
Actual,11/1/2021,Client 69,Team Member 4,36
Actual,11/1/2021,Client 26,Team Member 10,34
Actual,11/1/2021,Client 61,Team Member 29,28
Actual,11/1/2021,Client 62,Team Member 17,25.3333
Actual,11/1/2021,Client 23,Team Member 15,25
Actual,11/1/2021,Client 19,Team Member 1,21
Actual,11/1/2021,Client 19,Team Member 16,21
Actual,11/1/2021,Client 40,Team Member 6,20
Actual,11/1/2021,Client 57,Team Member 22,20
Actual,11/1/2021,Client 8,Team Member 12,19.66666667
Actual,11/1/2021,Client 31,Team Member 29,19
Actual,11/1/2021,Client 40,Team Member 39,19
Actual,11/1/2021,Client 63,Team Member 7,19
Actual,11/1/2021,Client 65,Team Member 26,16.3
Actual,11/1/2021,Client 27,Team Member 12,16.2
Actual,11/1/2021,Client 1,Team Member 16,15.8
Actual,11/1/2021,Client 11,Team Member 37,15.5
Actual,11/1/2021,Client 28,Team Member 35,15
Actual,11/1/2021,Client 17,Team Member 7,14
Actual,11/1/2021,Client 61,Team Member 22,14
Actual,11/1/2021,Client 21,Team Member 1,13.2
Actual,11/1/2021,Client 18,Team Member 6,11.15
Actual,11/1/2021,Client 29,Team Member 29,11
Actual,11/1/2021,Client 47,Team Member 29,11
Actual,11/1/2021,Client 49,Team Member 15,11
Actual,11/1/2021,Client 69,Team Member 35,11
Actual,11/1/2021,Client 13,Team Member 15,10.75
Actual,11/1/2021,Client 44,Team Member 32,10.4
Actual,11/1/2021,Client 1,Team Member 3,10
Actual,11/1/2021,Client 14,Team Member 1,10
Actual,11/1/2021,Client 23,Team Member 22,10
Actual,11/1/2021,Client 23,Team Member 40,10
Actual,11/1/2021,Client 42,Team Member 16,10
Actual,11/1/2021,Client 66,Team Member 12,10
Actual,11/1/2021,Client 66,Team Member 35,10
Actual,11/1/2021,Client 66,Team Member 7,10
Actual,11/1/2021,Client 22,Team Member 1,9.5
Actual,11/1/2021,Client 32,Team Member 31,9
Actual,11/1/2021,Client 37,Team Member 23,9
Actual,11/1/2021,Client 6,Team Member 12,9
Actual,11/1/2021,Client 69,Team Member 10,9
Actual,11/1/2021,Client 35,Team Member 25,8.45
Actual,11/1/2021,Client 71,Team Member 15,8.45
Actual,11/1/2021,Client 47,Team Member 12,8.4
Actual,11/1/2021,Client 2,Team Member 22,8
Actual,11/1/2021,Client 20,Team Member 29,8
Actual,11/1/2021,Client 54,Team Member 16,8
Actual,11/1/2021,Client 61,Team Member 37,8
Actual,11/1/2021,Client 62,Team Member 23,8
Actual,11/1/2021,Client 69,Team Member 12,7.5
Actual,11/1/2021,Client 65,Team Member 31,7.3
Actual,11/1/2021,Client 70,Team Member 32,7.2
Actual,11/1/2021,Client 43,Team Member 31,7.166666667
Actual,11/1/2021,Client 18,Team Member 12,7.05
Actual,11/1/2021,Client 15,Team Member 39,7
Actual,11/1/2021,Client 26,Team Member 3,7
Actual,11/1/2021,Client 37,Team Member 25,7
Actual,11/1/2021,Client 42,Team Member 10,7
Actual,11/1/2021,Client 43,Team Member 26,6.666666667
Actual,11/1/2021,Client 65,Team Member 39,6.3
Actual,11/1/2021,Client 13,Team Member 10,6.25
Actual,11/1/2021,Client 37,Team Member 39,6
Actual,11/1/2021,Client 60,Team Member 1,6
Actual,11/1/2021,Client 61,Team Member 39,6
Actual,11/1/2021,Client 63,Team Member 10,6
Actual,11/1/2021,Client 29,Team Member 10,5.33
Actual,11/1/2021,Client 18,Team Member 15,5
Actual,11/1/2021,Client 42,Team Member 3,5
Actual,11/1/2021,Client 47,Team Member 22,5
Actual,11/1/2021,Client 49,Team Member 23,4.8
Actual,11/1/2021,Client 71,Team Member 23,4.75
Actual,11/1/2021,Client 2,Team Member 7,4.4
Actual,11/1/2021,Client 13,Team Member 23,4.33333
Actual,11/1/2021,Client 35,Team Member 23,4.25
Actual,11/1/2021,Client 26,Team Member 29,4.15
Actual,11/1/2021,Client 26,Team Member 40,4.15
Actual,11/1/2021,Client 22,Team Member 10,4
Actual,11/1/2021,Client 37,Team Member 15,4
Actual,11/1/2021,Client 15,Team Member 10,3.33
Actual,11/1/2021,Client 65,Team Member 22,3.3
Actual,11/1/2021,Client 60,Team Member 10,3.2
Actual,11/1/2021,Client 15,Team Member 16,3
Actual,11/1/2021,Client 15,Team Member 35,3
Actual,11/1/2021,Client 2,Team Member 29,3
Actual,11/1/2021,Client 20,Team Member 22,3
Actual,11/1/2021,Client 20,Team Member 24,3
Actual,11/1/2021,Client 22,Team Member 24,3
Actual,11/1/2021,Client 23,Team Member 31,3
Actual,11/1/2021,Client 27,Team Member 7,3
Actual,11/1/2021,Client 31,Team Member 24,3
Actual,11/1/2021,Client 44,Team Member 10,3
Actual,11/1/2021,Client 63,Team Member 29,3
Actual,11/1/2021,Client 21,Team Member 10,2.5
Actual,11/1/2021,Client 1,Team Member 10,2
Actual,11/1/2021,Client 11,Team Member 22,2
Actual,11/1/2021,Client 14,Team Member 22,2
Actual,11/1/2021,Client 17,Team Member 10,2
Actual,11/1/2021,Client 18,Team Member 10,2
Actual,11/1/2021,Client 24,Team Member 40,2
Actual,11/1/2021,Client 29,Team Member 40,2
Actual,11/1/2021,Client 31,Team Member 22,2
Actual,11/1/2021,Client 32,Team Member 16,2
Actual,11/1/2021,Client 32,Team Member 22,2
Actual,11/1/2021,Client 32,Team Member 23,2
Actual,11/1/2021,Client 32,Team Member 40,2
Actual,11/1/2021,Client 35,Team Member 10,2
Actual,11/1/2021,Client 37,Team Member 16,2
Actual,11/1/2021,Client 37,Team Member 22,2
Actual,11/1/2021,Client 37,Team Member 31,2
Actual,11/1/2021,Client 37,Team Member 40,2
Actual,11/1/2021,Client 40,Team Member 10,2
Actual,11/1/2021,Client 54,Team Member 3,2
Actual,11/1/2021,Client 61,Team Member 16,2
Actual,11/1/2021,Client 61,Team Member 23,2
Actual,11/1/2021,Client 61,Team Member 31,2
Actual,11/1/2021,Client 61,Team Member 40,2
Actual,11/1/2021,Client 70,Team Member 10,2
Actual,11/1/2021,Client 8,Team Member 10,2
Actual,11/1/2021,Client 8,Team Member 40,2
Actual,11/1/2021,Client 18,Team Member 23,1
Actual,12/1/2021,Client 47,Team Member 22,95
Actual,12/1/2021,Client 67,Team Member 22,58
Actual,12/1/2021,Client 23,Team Member 10,54
Actual,12/1/2021,Client 10,Team Member 2,39
Actual,12/1/2021,Client 23,Team Member 23,37.52
Actual,12/1/2021,Client 23,Team Member 16,36
Actual,12/1/2021,Client 24,Team Member 37,36
Actual,12/1/2021,Client 69,Team Member 4,36
Actual,12/1/2021,Client 23,Team Member 3,33
Actual,12/1/2021,Client 69,Team Member 22,33
Actual,12/1/2021,Client 23,Team Member 35,25.7
Actual,12/1/2021,Client 23,Team Member 26,24
Actual,12/1/2021,Client 23,Team Member 32,24
Actual,12/1/2021,Client 48,Team Member 31,24
Actual,12/1/2021,Client 69,Team Member 10,22
Actual,12/1/2021,Client 19,Team Member 1,21
Actual,12/1/2021,Client 19,Team Member 16,21
Actual,12/1/2021,Client 71,Team Member 10,20
Actual,12/1/2021,Client 69,Team Member 12,19.5
Actual,12/1/2021,Client 63,Team Member 29,19
Actual,12/1/2021,Client 26,Team Member 10,18
Actual,12/1/2021,Client 31,Team Member 29,18
Actual,12/1/2021,Client 8,Team Member 12,17.2
Actual,12/1/2021,Client 1,Team Member 35,16.8
Actual,12/1/2021,Client 48,Team Member 26,16
Actual,12/1/2021,Client 49,Team Member 15,15.5
Actual,12/1/2021,Client 27,Team Member 12,15.2
Actual,12/1/2021,Client 17,Team Member 32,15
Actual,12/1/2021,Client 28,Team Member 35,15
Actual,12/1/2021,Client 66,Team Member 35,13.67
Actual,12/1/2021,Client 13,Team Member 15,13.6166
Actual,12/1/2021,Client 26,Team Member 29,13.4
Actual,12/1/2021,Client 40,Team Member 6,13.25
Actual,12/1/2021,Client 10,Team Member 22,13
Actual,12/1/2021,Client 36,Team Member 39,13
Actual,12/1/2021,Client 40,Team Member 3,13
Actual,12/1/2021,Client 71,Team Member 15,12.45
Actual,12/1/2021,Client 57,Team Member 22,12
Actual,12/1/2021,Client 11,Team Member 37,11.4
Actual,12/1/2021,Client 62,Team Member 17,10.5
Actual,12/1/2021,Client 44,Team Member 32,10.4
Actual,12/1/2021,Client 43,Team Member 31,10.3
Actual,12/1/2021,Client 21,Team Member 1,10.1
Actual,12/1/2021,Client 10,Team Member 35,10
Actual,12/1/2021,Client 29,Team Member 29,10
Actual,12/1/2021,Client 42,Team Member 16,10
Actual,12/1/2021,Client 47,Team Member 39,10
Actual,12/1/2021,Client 65,Team Member 31,10
Actual,12/1/2021,Client 14,Team Member 1,9.6
Actual,12/1/2021,Client 18,Team Member 6,9.5
Actual,12/1/2021,Client 70,Team Member 32,9.2
Actual,12/1/2021,Client 1,Team Member 16,9
Actual,12/1/2021,Client 6,Team Member 12,8.6
Actual,12/1/2021,Client 18,Team Member 15,8.5
Actual,12/1/2021,Client 47,Team Member 31,8
Actual,12/1/2021,Client 48,Team Member 12,8
Actual,12/1/2021,Client 54,Team Member 16,8
Actual,12/1/2021,Client 57,Team Member 12,8
Actual,12/1/2021,Client 43,Team Member 10,7.5
Actual,12/1/2021,Client 13,Team Member 23,7.25
Actual,12/1/2021,Client 24,Team Member 10,7
Actual,12/1/2021,Client 40,Team Member 10,7
Actual,12/1/2021,Client 42,Team Member 10,7
Actual,12/1/2021,Client 48,Team Member 15,7
Actual,12/1/2021,Client 48,Team Member 3,7
Actual,12/1/2021,Client 71,Team Member 23,6.75
Actual,12/1/2021,Client 22,Team Member 1,6.5
Actual,12/1/2021,Client 23,Team Member 31,6
Actual,12/1/2021,Client 60,Team Member 1,6
Actual,12/1/2021,Client 63,Team Member 10,6
Actual,12/1/2021,Client 49,Team Member 23,5.9
Actual,12/1/2021,Client 18,Team Member 12,5.2
Actual,12/1/2021,Client 31,Team Member 22,5.2
Actual,12/1/2021,Client 13,Team Member 10,5
Actual,12/1/2021,Client 15,Team Member 39,5
Actual,12/1/2021,Client 24,Team Member 40,5
Actual,12/1/2021,Client 26,Team Member 40,5
Actual,12/1/2021,Client 42,Team Member 3,5
Actual,12/1/2021,Client 43,Team Member 26,5
Actual,12/1/2021,Client 69,Team Member 35,5
Actual,12/1/2021,Client 20,Team Member 29,4.52
Actual,12/1/2021,Client 23,Team Member 17,4.5
Actual,12/1/2021,Client 2,Team Member 29,4.4
Actual,12/1/2021,Client 22,Team Member 10,4
Actual,12/1/2021,Client 29,Team Member 10,4
Actual,12/1/2021,Client 36,Team Member 23,4
Actual,12/1/2021,Client 67,Team Member 8,4
Actual,12/1/2021,Client 23,Team Member 40,3.63
Actual,12/1/2021,Client 62,Team Member 23,3.5
Actual,12/1/2021,Client 15,Team Member 10,3.33
Actual,12/1/2021,Client 60,Team Member 10,3.2
Actual,12/1/2021,Client 65,Team Member 26,3.2
Actual,12/1/2021,Client 15,Team Member 16,3
Actual,12/1/2021,Client 15,Team Member 35,3
Actual,12/1/2021,Client 44,Team Member 10,3
Actual,12/1/2021,Client 1,Team Member 10,2
Actual,12/1/2021,Client 14,Team Member 22,2
Actual,12/1/2021,Client 18,Team Member 10,2
Actual,12/1/2021,Client 40,Team Member 16,2
Actual,12/1/2021,Client 54,Team Member 3,2
Actual,12/1/2021,Client 70,Team Member 10,2
Actual,12/1/2021,Client 21,Team Member 10,1.5
Actual,12/1/2021,Client 11,Team Member 22,1
Actual,12/1/2021,Client 14,Team Member 10,1
Actual,12/1/2021,Client 17,Team Member 26,1
Actual,12/1/2021,Client 18,Team Member 23,1
Actual,12/1/2021,Client 40,Team Member 23,0.75
Actual,1/1/2022,Client 9,Team Member 39,55
Actual,1/1/2022,Client 23,Team Member 26,43.3
Actual,1/1/2022,Client 23,Team Member 1,40
Actual,1/1/2022,Client 25,Team Member 34,39
Actual,1/1/2022,Client 23,Team Member 35,36.3
Actual,1/1/2022,Client 69,Team Member 4,35
Actual,1/1/2022,Client 23,Team Member 29,33.3
Actual,1/1/2022,Client 24,Team Member 37,31.3
Actual,1/1/2022,Client 23,Team Member 12,30
Actual,1/1/2022,Client 26,Team Member 18,30
Actual,1/1/2022,Client 69,Team Member 22,25
Actual,1/1/2022,Client 48,Team Member 31,24
Actual,1/1/2022,Client 23,Team Member 37,23.3
Actual,1/1/2022,Client 63,Team Member 29,20
Actual,1/1/2022,Client 19,Team Member 16,18
Actual,1/1/2022,Client 69,Team Member 12,18
Actual,1/1/2022,Client 9,Team Member 31,18
Actual,1/1/2022,Client 26,Team Member 29,17.2
Actual,1/1/2022,Client 25,Team Member 31,17
Actual,1/1/2022,Client 23,Team Member 9,16.7
Actual,1/1/2022,Client 18,Team Member 15,16.5
Actual,1/1/2022,Client 48,Team Member 26,16
Actual,1/1/2022,Client 71,Team Member 15,15.7
Actual,1/1/2022,Client 1,Team Member 16,15
Actual,1/1/2022,Client 17,Team Member 32,15
Actual,1/1/2022,Client 37,Team Member 25,15
Actual,1/1/2022,Client 42,Team Member 3,15
Actual,1/1/2022,Client 57,Team Member 22,15
Actual,1/1/2022,Client 49,Team Member 15,14.5
Actual,1/1/2022,Client 23,Team Member 23,14
Actual,1/1/2022,Client 40,Team Member 3,13.7
Actual,1/1/2022,Client 22,Team Member 1,13.5
Actual,1/1/2022,Client 11,Team Member 37,13.4
Actual,1/1/2022,Client 42,Team Member 16,12.4
Actual,1/1/2022,Client 31,Team Member 29,12.2
Actual,1/1/2022,Client 28,Team Member 35,12
Actual,1/1/2022,Client 19,Team Member 1,11.3
Actual,1/1/2022,Client 13,Team Member 15,10.9
Actual,1/1/2022,Client 14,Team Member 1,10.6
Actual,1/1/2022,Client 43,Team Member 31,10.3
Actual,1/1/2022,Client 23,Team Member 40,10
Actual,1/1/2022,Client 29,Team Member 29,10
Actual,1/1/2022,Client 37,Team Member 23,10
Actual,1/1/2022,Client 44,Team Member 32,10
Actual,1/1/2022,Client 66,Team Member 35,9.7
Actual,1/1/2022,Client 62,Team Member 23,9.4
Actual,1/1/2022,Client 70,Team Member 32,9.2
Actual,1/1/2022,Client 15,Team Member 3,8
Actual,1/1/2022,Client 40,Team Member 16,8
Actual,1/1/2022,Client 48,Team Member 12,8
Actual,1/1/2022,Client 54,Team Member 16,8
Actual,1/1/2022,Client 62,Team Member 10,8
Actual,1/1/2022,Client 71,Team Member 10,8
Actual,1/1/2022,Client 8,Team Member 12,7.7
Actual,1/1/2022,Client 6,Team Member 12,7.6
Actual,1/1/2022,Client 43,Team Member 10,7.5
Actual,1/1/2022,Client 27,Team Member 12,7.2
Actual,1/1/2022,Client 40,Team Member 10,7
Actual,1/1/2022,Client 48,Team Member 15,7
Actual,1/1/2022,Client 48,Team Member 3,7
Actual,1/1/2022,Client 67,Team Member 22,7
Actual,1/1/2022,Client 69,Team Member 10,7
Actual,1/1/2022,Client 13,Team Member 23,6.9
Actual,1/1/2022,Client 49,Team Member 23,6.9
Actual,1/1/2022,Client 65,Team Member 31,6.8
Actual,1/1/2022,Client 65,Team Member 26,6.3
Actual,1/1/2022,Client 10,Team Member 35,6
Actual,1/1/2022,Client 18,Team Member 12,6
Actual,1/1/2022,Client 18,Team Member 23,6
Actual,1/1/2022,Client 20,Team Member 29,6
Actual,1/1/2022,Client 63,Team Member 10,6
Actual,1/1/2022,Client 13,Team Member 10,5
Actual,1/1/2022,Client 21,Team Member 1,5
Actual,1/1/2022,Client 25,Team Member 28,5
Actual,1/1/2022,Client 43,Team Member 26,5
Actual,1/1/2022,Client 69,Team Member 35,5
Actual,1/1/2022,Client 26,Team Member 39,4.8
Actual,1/1/2022,Client 71,Team Member 23,4.8
Actual,1/1/2022,Client 27,Team Member 18,4
Actual,1/1/2022,Client 31,Team Member 22,4
Actual,1/1/2022,Client 15,Team Member 10,3.3
Actual,1/1/2022,Client 10,Team Member 16,3
Actual,1/1/2022,Client 10,Team Member 22,3
Actual,1/1/2022,Client 15,Team Member 16,3
Actual,1/1/2022,Client 42,Team Member 10,3
Actual,1/1/2022,Client 44,Team Member 10,3
Actual,1/1/2022,Client 9,Team Member 22,3
Actual,1/1/2022,Client 11,Team Member 22,2
Actual,1/1/2022,Client 14,Team Member 22,2
Actual,1/1/2022,Client 25,Team Member 22,2
Actual,1/1/2022,Client 54,Team Member 3,2
Actual,1/1/2022,Client 67,Team Member 31,2
Actual,1/1/2022,Client 70,Team Member 10,2
Actual,1/1/2022,Client 70,Team Member 26,2
Actual,1/1/2022,Client 18,Team Member 10,1.5
Actual,1/1/2022,Client 14,Team Member 10,1
Actual,1/1/2022,Client 17,Team Member 26,1
Actual,1/1/2022,Client 21,Team Member 10,1
Actual,1/1/2022,Client 21,Team Member 16,1
Actual,1/1/2022,Client 44,Team Member 26,0.4
